step,time,e_pot,e_lj,e_coul,e_kin,e_tot,temperature
0,0.0,74.08288327083227,-9.689942615782655,83.77282588661492,113.39999999999998,187.48288327083225,1.1999999999999997
20,0.04,73.81205675609661,-9.813956621662667,83.62601337775928,113.63979438647385,187.45185114257046,1.2025375067351731
40,0.08,72.20365944209072,-10.194146974869149,82.39780641695988,114.64360951725274,186.84726895934347,1.2131598890714577
60,0.12,69.28048494098431,-10.873615555305378,80.15410049628969,115.97219753734063,185.25268247832494,1.22721902155916
80,0.16,64.88287812600656,-11.959788792456603,76.84266691846317,117.55231719669996,182.43519532270653,1.2439398645153434
100,0.2,58.7641639772384,-13.671575447487893,72.4357394247263,119.41060498953883,178.1747689667772,1.2636042856035854
120,0.24,51.68718408342662,-15.197238528990802,66.88442261241742,120.71529532238195,172.40247940580858,1.2774105325119782
140,0.28,49.02636995192078,-11.76198636409628,60.78835631601706,119.01465155167341,168.04102150359418,1.2594143021341102
160,0.32,35.341734418903584,-19.96648383162948,55.30821825053306,124.22804355374349,159.56977797264707,1.314582471468185
180,0.36,31.58676306377506,-17.977966268091144,49.564729331866204,120.7110716922804,152.29783475605547,1.2773658380135493
200,0.4,20.61263184038926,-24.003766251208344,44.6163980915976,123.94691131704636,144.55954315743563,1.3116075271645118
220,0.44,14.22419590833292,-25.56831945417871,39.79251536251163,122.44392763054368,136.6681235388766,1.2957029378893512
240,0.48,6.219878105596379,-28.23330309651675,34.45318120211313,122.74071415973418,128.96059226533055,1.298843536081843
260,0.52,-1.9435712806001675,-29.686643286741706,27.74307200614154,122.81626315280322,120.87269187220305,1.29964299632596
280,0.56,-6.259174057251464,-27.01589882182627,20.756724764574805,121.10904282555748,114.84986876830601,1.281577172757222
300,0.6,-20.68954743543619,-35.48554465535308,14.79599721991689,125.97265530878632,105.28310787335013,1.3330439715215483
320,0.64,-27.33306047352879,-36.01881372713069,8.6857532536019,123.32272672876441,95.98966625523562,1.305002399246184
340,0.68,-34.64693364451887,-36.8423456212393,2.195411976720437,122.74193227674687,88.094998632228,1.2988564262089615
360,0.72,-33.395845082484655,-29.21596688866559,-4.179878193819066,115.99048164319132,82.59463656070666,1.2274125041607546
380,0.76,-39.20589684440505,-30.358309115275596,-8.847587729129458,118.20641744483626,79.0005206004312,1.2508615602628177
400,0.8,-46.58788371918527,-34.9194268016266,-11.668456917558668,120.460957383362,73.87307366417673,1.2747191257498625
420,0.84,-52.57345165357579,-38.40594315883999,-14.167508494735797,120.29918683017512,67.72573517659933,1.273007268044181
440,0.88,-50.707108780635714,-33.974023821588446,-16.733084959047268,114.98536599378262,64.2782572131469,1.2167763597225674
460,0.92,-53.10433983001589,-34.1385724005626,-18.965767429453287,115.9774444439664,62.87310461395052,1.2272745443805968
480,0.96,-56.48422093630488,-35.493061521667286,-20.99115941463759,116.52515573878955,60.04093480248467,1.233070431098302
500,1.0,-52.74080865305527,-29.773743686365588,-22.967064966689676,112.22178322660628,59.48097457355101,1.1875320976360453
520,1.04,-54.15020102213721,-30.073371275825792,-24.076829746311414,114.23060585390147,60.080404831764255,1.2087894799354653
540,1.08,-59.19595044005153,-34.78714831537743,-24.408802124674104,116.89322784854222,57.69727740849069,1.236965374058648
560,1.12,-58.73001779675401,-33.93985011367852,-24.790167683075495,114.46924146450003,55.73922366774602,1.211314724492064
580,1.16,-55.77494162478811,-30.346480660897395,-25.428460963890714,112.16510538644219,56.39016376165408,1.1869323321316634
600,1.2,-59.87676403146318,-33.59571391533679,-26.281050116126394,115.53636858163185,55.659604550168666,1.2226070749379032
620,1.24,-62.746508375159166,-35.97088095860627,-26.775627416552894,116.2003174571198,53.45380908196063,1.2296329889642306
640,1.28,-62.30162941677495,-35.41733583666582,-26.88429358010913,114.11127320263466,51.80964378585971,1.2075267005569805
660,1.32,-64.18616545210193,-37.7577624212674,-26.42840303083453,115.29590106895475,51.10973561685282,1.2200624451741242
680,1.36,-61.22634119162864,-35.52240867022766,-25.70393252140098,111.4903853731584,50.26404418152976,1.1797924378112001
700,1.4000000000000001,-63.54468766063708,-38.310243232246435,-25.234444428390645,115.26160896222669,51.71692130158961,1.2196995657378487
720,1.44,-68.48240602632907,-43.13997519334018,-25.342430832988896,117.15285349951503,48.67044747318596,1.2397127354446036
740,1.48,-67.84914555596225,-41.905257696798586,-25.943887859163674,114.51080269020204,46.66165713423979,1.2117545258222437
760,1.52,-64.37749854989323,-37.356312157103815,-27.021186392789417,111.75992946083707,47.38243091094384,1.182644756199334
780,1.56,-70.28859595153443,-41.88276174715161,-28.405834204382828,116.71090412144369,46.42230816990926,1.2350360224491397
800,1.6,-70.93145056618053,-41.36171673794517,-29.56973382823535,114.87034008068936,43.93888951450883,1.215559154293009
820,1.6400000000000001,-66.10463281237318,-35.842905898817364,-30.261726913555812,110.71271923000805,44.608086417634865,1.1715631664551116
840,1.68,-68.17168549829366,-38.25527955294797,-29.916405945345687,114.21819244228595,46.0465069439923,1.208658121082391
860,1.72,-71.84366717023161,-42.571010938778514,-29.272656231453105,115.81742473463453,43.973757564402916,1.2255812141231166
880,1.76,-70.83650004208526,-41.94987518628345,-28.886624855801816,113.76205081000745,42.92555076792219,1.2038312255027244
900,1.8,-68.8752597198502,-39.826301638671424,-29.048958081178778,112.1252215695511,43.249961849700895,1.186510281159271
920,1.84,-66.12206186445216,-36.88149281395987,-29.24056905049229,111.34259770897324,45.22053584452108,1.178228547184902
940,1.8800000000000001,-71.27779855377707,-42.19805104763988,-29.079747506137192,115.89640271780371,44.618604164026635,1.226416959976759
960,1.92,-72.23006786516041,-43.213788447345024,-29.016279417815376,114.93083725760377,42.70076939244336,1.216199336059299
980,1.96,-66.98196133963027,-38.06940921417228,-28.912552125457992,110.3173911511117,43.33542981148143,1.1673798005408647
1000,2.0,-65.89983875082224,-37.628443194624225,-28.271395556198016,111.56118325680558,45.66134450598334,1.1805416217651383
